Link,Volume Text
"May 7, 2021, 9:37 a.m. Humanist 35.1",Not FoundThe requested resource was not found on this server.
"May 7, 2021, 9:39 a.m. Humanist 35.2",Not FoundThe requested resource was not found on this server.
"May 7, 2021, 9:42 a.m. Humanist 35.3",Not FoundThe requested resource was not found on this server.
"May 8, 2021, 6:53 a.m. Humanist 35.4",Not FoundThe requested resource was not found on this server.
"May 8, 2021, 6:56 a.m. Humanist 35.5",Not FoundThe requested resource was not found on this server.
"May 8, 2021, 6:57 a.m. Humanist 35.6",Not FoundThe requested resource was not found on this server.
"May 9, 2021, 9:18 a.m. Humanist 35.7",Not FoundThe requested resource was not found on this server.
"May 9, 2021, 9:24 a.m. Humanist 35.8",Not FoundThe requested resource was not found on this server.
"May 11, 2021, 7:45 a.m. Humanist 35.9",Not FoundThe requested resource was not found on this server.
"May 12, 2021, 6:14 a.m. Humanist 35.10",Not FoundThe requested resource was not found on this server.
"May 12, 2021, 6:16 a.m. Humanist 35.11",Not FoundThe requested resource was not found on this server.
"May 13, 2021, 6:31 a.m. Humanist 35.12",Not FoundThe requested resource was not found on this server.
"May 13, 2021, 7:13 a.m. Humanist 35.13",Not FoundThe requested resource was not found on this server.
"May 14, 2021, 6:36 a.m. Humanist 35.14",Not FoundThe requested resource was not found on this server.
"May 14, 2021, 6:37 a.m. Humanist 35.15",Not FoundThe requested resource was not found on this server.
"May 14, 2021, 6:39 a.m. Humanist 35.16",Not FoundThe requested resource was not found on this server.
"May 15, 2021, 7:24 a.m. Humanist 35.17",Not FoundThe requested resource was not found on this server.
"May 15, 2021, 7:38 a.m. Humanist 35.18",Not FoundThe requested resource was not found on this server.
"May 17, 2021, 7:16 a.m. Humanist 35.19",Not FoundThe requested resource was not found on this server.
"May 18, 2021, 7 a.m. Humanist 35.20",Not FoundThe requested resource was not found on this server.
"May 18, 2021, 11:34 a.m. Humanist 35.21",Not FoundThe requested resource was not found on this server.
"May 18, 2021, 11:35 a.m. Humanist 35.22",Not FoundThe requested resource was not found on this server.
"May 19, 2021, 6:54 a.m. Humanist 35.23",Not FoundThe requested resource was not found on this server.
"May 19, 2021, 6:59 a.m. Humanist 35.24",Not FoundThe requested resource was not found on this server.
"May 19, 2021, 7:01 a.m. Humanist 35.25",Not FoundThe requested resource was not found on this server.
"May 19, 2021, 7:02 a.m. Humanist 35.26",Not FoundThe requested resource was not found on this server.
"May 20, 2021, 6:41 a.m. Humanist 35.27",Not FoundThe requested resource was not found on this server.
"May 20, 2021, 6:42 a.m. Humanist 35.28",Not FoundThe requested resource was not found on this server.
"May 20, 2021, 6:44 a.m. Humanist 35.29",Not FoundThe requested resource was not found on this server.
"May 20, 2021, 6:47 a.m. Humanist 35.30",Not FoundThe requested resource was not found on this server.
"May 20, 2021, 6:50 a.m. Humanist 35.31",Not FoundThe requested resource was not found on this server.
"May 21, 2021, 6:41 a.m. Humanist 35.32",Not FoundThe requested resource was not found on this server.
"May 21, 2021, 7:21 a.m. Humanist 35.33",Not FoundThe requested resource was not found on this server.
"May 22, 2021, 5:57 a.m. Humanist 35.34",Not FoundThe requested resource was not found on this server.
"May 22, 2021, 6 a.m. Humanist 35.35",Not FoundThe requested resource was not found on this server.
"May 22, 2021, 6:04 a.m. Humanist 35.36",Not FoundThe requested resource was not found on this server.
"May 24, 2021, 6:42 a.m. Humanist 35.37",Not FoundThe requested resource was not found on this server.
"May 24, 2021, 6:47 a.m. Humanist 35.38",Not FoundThe requested resource was not found on this server.
"May 25, 2021, 7:25 a.m. Humanist 35.39",Not FoundThe requested resource was not found on this server.
"May 25, 2021, 7:28 a.m. Humanist 35.40",Not FoundThe requested resource was not found on this server.
"May 25, 2021, 7:30 a.m. Humanist 35.41",Not FoundThe requested resource was not found on this server.
"May 25, 2021, 7:33 a.m. Humanist 35.42",Not FoundThe requested resource was not found on this server.
"May 26, 2021, 5:43 a.m. Humanist 35.43",Not FoundThe requested resource was not found on this server.
"May 26, 2021, 5:47 a.m. Humanist 35.44",Not FoundThe requested resource was not found on this server.
"May 27, 2021, 6:28 a.m. Humanist 35.45",Not FoundThe requested resource was not found on this server.
"May 27, 2021, 6:29 a.m. Humanist 35.46",Not FoundThe requested resource was not found on this server.
"May 28, 2021, 6:16 a.m. Humanist 35.47",Not FoundThe requested resource was not found on this server.
"May 28, 2021, 6:19 a.m. Humanist 35.48",Not FoundThe requested resource was not found on this server.
"May 28, 2021, 6:33 a.m. Humanist 35.49",Not FoundThe requested resource was not found on this server.
"May 29, 2021, 7:44 a.m. Humanist 35.50",Not FoundThe requested resource was not found on this server.
"May 29, 2021, 7:48 a.m. Humanist 35.51",Not FoundThe requested resource was not found on this server.
"May 29, 2021, 7:52 a.m. Humanist 35.52","403 Forbidden
Request forbidden by administrative rules.

"
"May 30, 2021, 6:52 a.m. Humanist 35.54","403 Forbidden
Request forbidden by administrative rules.

"
"May 29, 2021, 12:47 p.m. Humanist 35.54","403 Forbidden
Request forbidden by administrative rules.

"
"May 30, 2021, 6:53 a.m. Humanist 35.55","403 Forbidden
Request forbidden by administrative rules.

"
"May 31, 2021, 7:43 a.m. Humanist 35.56","403 Forbidden
Request forbidden by administrative rules.

"
"June 1, 2021, 6:03 a.m. Humanist 35.57","403 Forbidden
Request forbidden by administrative rules.

"
"June 1, 2021, 6:07 a.m. Humanist 35.58","403 Forbidden
Request forbidden by administrative rules.

"
"June 1, 2021, 6:10 a.m. Humanist 35.59","403 Forbidden
Request forbidden by administrative rules.

"
"June 2, 2021, 7:29 a.m. Humanist 35.60","403 Forbidden
Request forbidden by administrative rules.

"
"June 2, 2021, 7:31 a.m. Humanist 35.61","403 Forbidden
Request forbidden by administrative rules.

"
"June 3, 2021, 5:58 a.m. Humanist 35.62","403 Forbidden
Request forbidden by administrative rules.

"
"June 3, 2021, 6 a.m. Humanist 35.63","403 Forbidden
Request forbidden by administrative rules.

"
"June 3, 2021, 9:56 a.m. Humanist 35.64","403 Forbidden
Request forbidden by administrative rules.

"
"June 4, 2021, 7:41 a.m. Humanist 35.65","403 Forbidden
Request forbidden by administrative rules.

"
"June 4, 2021, 7:43 a.m. Humanist 35.66","403 Forbidden
Request forbidden by administrative rules.

"
"June 4, 2021, 10:53 a.m. Humanist 35.67","403 Forbidden
Request forbidden by administrative rules.

"
"June 5, 2021, 6:09 a.m. Humanist 35.68","403 Forbidden
Request forbidden by administrative rules.

"
"June 6, 2021, 8:58 a.m. Humanist 35.69","403 Forbidden
Request forbidden by administrative rules.

"
"June 8, 2021, 6:31 a.m. Humanist 35.70","403 Forbidden
Request forbidden by administrative rules.

"
"June 8, 2021, 6:33 a.m. Humanist 35.71","403 Forbidden
Request forbidden by administrative rules.

"
"June 9, 2021, 7:11 a.m. Humanist 35.72","403 Forbidden
Request forbidden by administrative rules.

"
"June 9, 2021, 7:13 a.m. Humanist 35.73","403 Forbidden
Request forbidden by administrative rules.

"
"June 9, 2021, 7:16 a.m. Humanist 35.74","403 Forbidden
Request forbidden by administrative rules.

"
"June 10, 2021, 5:45 a.m. Humanist 35.75","403 Forbidden
Request forbidden by administrative rules.

"
"June 10, 2021, 5:49 a.m. Humanist 35.76","403 Forbidden
Request forbidden by administrative rules.

"
"June 10, 2021, 5:54 a.m. Humanist 35.77","403 Forbidden
Request forbidden by administrative rules.

"
"June 10, 2021, 5:58 a.m. Humanist 35.78","403 Forbidden
Request forbidden by administrative rules.

"
"June 11, 2021, 5:45 a.m. Humanist 35.79","403 Forbidden
Request forbidden by administrative rules.

"
"June 11, 2021, 5:48 a.m. Humanist 35.80","403 Forbidden
Request forbidden by administrative rules.

"
"June 11, 2021, 5:57 a.m. Humanist 35.81","403 Forbidden
Request forbidden by administrative rules.

"
"June 12, 2021, 6:55 a.m. Humanist 35.82","403 Forbidden
Request forbidden by administrative rules.

"
"June 12, 2021, 7:02 a.m. Humanist 35.83","403 Forbidden
Request forbidden by administrative rules.

"
"June 12, 2021, 7:08 a.m. Humanist 35.84","403 Forbidden
Request forbidden by administrative rules.

"
"June 12, 2021, 7:10 a.m. Humanist 35.85","403 Forbidden
Request forbidden by administrative rules.

"
"June 14, 2021, 8:42 a.m. Humanist 35.86","403 Forbidden
Request forbidden by administrative rules.

"
"June 15, 2021, 6:07 a.m. Humanist 35.87","403 Forbidden
Request forbidden by administrative rules.

"
"June 16, 2021, 6:45 a.m. Humanist 35.88","403 Forbidden
Request forbidden by administrative rules.

"
"June 17, 2021, 6:32 a.m. Humanist 35.89","403 Forbidden
Request forbidden by administrative rules.

"
"June 17, 2021, 6:33 a.m. Humanist 35.90","403 Forbidden
Request forbidden by administrative rules.

"
"June 17, 2021, 6:34 a.m. Humanist 35.91","403 Forbidden
Request forbidden by administrative rules.

"
"June 18, 2021, 6:30 a.m. Humanist 35.92","403 Forbidden
Request forbidden by administrative rules.

"
"June 18, 2021, 6:33 a.m. Humanist 35.93","403 Forbidden
Request forbidden by administrative rules.

"
"June 19, 2021, 10:44 a.m. Humanist 35.94","403 Forbidden
Request forbidden by administrative rules.

"
"June 20, 2021, 7:52 a.m. Humanist 35.95","403 Forbidden
Request forbidden by administrative rules.

"
"June 21, 2021, 7:23 a.m. Humanist 35.96","403 Forbidden
Request forbidden by administrative rules.

"
"June 21, 2021, 7:26 a.m. Humanist 35.97","403 Forbidden
Request forbidden by administrative rules.

"
"June 21, 2021, 7:28 a.m. Humanist 35.98","403 Forbidden
Request forbidden by administrative rules.

"
"June 22, 2021, 5:56 a.m. Humanist 35.99","403 Forbidden
Request forbidden by administrative rules.

"
"June 22, 2021, 5:59 a.m. Humanist 35.100","403 Forbidden
Request forbidden by administrative rules.

"
"June 22, 2021, 6:01 a.m. Humanist 35.101","403 Forbidden
Request forbidden by administrative rules.

"
"June 23, 2021, 6:22 a.m. Humanist 35.102","403 Forbidden
Request forbidden by administrative rules.

"
"June 23, 2021, 6:24 a.m. Humanist 35.103","403 Forbidden
Request forbidden by administrative rules.

"
"June 24, 2021, 8:20 a.m. Humanist 35.104","403 Forbidden
Request forbidden by administrative rules.

"
"June 24, 2021, 8:22 a.m. Humanist 35.105","403 Forbidden
Request forbidden by administrative rules.

"
"June 24, 2021, 8:24 a.m. Humanist 35.106","403 Forbidden
Request forbidden by administrative rules.

"
"June 24, 2021, 8:29 a.m. Humanist 35.107","403 Forbidden
Request forbidden by administrative rules.

"
"June 24, 2021, 8:30 a.m. Humanist 35.108","403 Forbidden
Request forbidden by administrative rules.

"
"June 25, 2021, 6:39 a.m. Humanist 35.109","403 Forbidden
Request forbidden by administrative rules.

"
"June 26, 2021, 8:30 a.m. Humanist 35.110","403 Forbidden
Request forbidden by administrative rules.

"
"June 26, 2021, 8:31 a.m. Humanist 35.111","403 Forbidden
Request forbidden by administrative rules.

"
"June 26, 2021, 10:37 a.m. Humanist 35.112","403 Forbidden
Request forbidden by administrative rules.

"
"June 28, 2021, 6:08 a.m. Humanist 35.113","403 Forbidden
Request forbidden by administrative rules.

"
"June 29, 2021, 9:40 a.m. Humanist 35.114","403 Forbidden
Request forbidden by administrative rules.

"
"June 30, 2021, 7:11 a.m. Humanist 35.115","403 Forbidden
Request forbidden by administrative rules.

"
"June 30, 2021, 7:15 a.m. Humanist 35.116","403 Forbidden
Request forbidden by administrative rules.

"
"July 1, 2021, 6:39 a.m. Humanist 35.117","403 Forbidden
Request forbidden by administrative rules.

"
"July 1, 2021, 6:42 a.m. Humanist 35.118","403 Forbidden
Request forbidden by administrative rules.

"
"July 1, 2021, 6:48 a.m. Humanist 35.119","403 Forbidden
Request forbidden by administrative rules.

"
"July 2, 2021, 8:01 a.m. Humanist 35.120","403 Forbidden
Request forbidden by administrative rules.

"
"July 2, 2021, 8:09 a.m. Humanist 35.121","403 Forbidden
Request forbidden by administrative rules.

"
"July 2, 2021, 8:13 a.m. Humanist 35.122","403 Forbidden
Request forbidden by administrative rules.

"
"July 3, 2021, 6:27 a.m. Humanist 35.123","403 Forbidden
Request forbidden by administrative rules.

"
"July 3, 2021, 6:37 a.m. Humanist 35.124","403 Forbidden
Request forbidden by administrative rules.

"
"July 5, 2021, 6:54 a.m. Humanist 35.125","403 Forbidden
Request forbidden by administrative rules.

"
"July 5, 2021, 8:58 a.m. Humanist 35.126","403 Forbidden
Request forbidden by administrative rules.

"
"July 6, 2021, 6:58 a.m. Humanist 35.127","403 Forbidden
Request forbidden by administrative rules.

"
"July 7, 2021, 7:24 a.m. Humanist 35.128","403 Forbidden
Request forbidden by administrative rules.

"
"July 7, 2021, 7:31 a.m. Humanist 35.129","403 Forbidden
Request forbidden by administrative rules.

"
"July 8, 2021, 8:29 a.m. Humanist 35.130","403 Forbidden
Request forbidden by administrative rules.

"
"July 11, 2021, 8:17 a.m. Humanist 35.131","403 Forbidden
Request forbidden by administrative rules.

"
"July 11, 2021, 8:24 a.m. Humanist 35.132","403 Forbidden
Request forbidden by administrative rules.

"
"July 11, 2021, 8:29 a.m. Humanist 35.133","403 Forbidden
Request forbidden by administrative rules.

"
"July 12, 2021, 9:12 a.m. Humanist 35.134","403 Forbidden
Request forbidden by administrative rules.

"
"July 13, 2021, 8:19 a.m. Humanist 35.135","403 Forbidden
Request forbidden by administrative rules.

"
"July 13, 2021, 8:20 a.m. Humanist 35.136","403 Forbidden
Request forbidden by administrative rules.

"
"July 14, 2021, 6:59 a.m. Humanist 35.137","403 Forbidden
Request forbidden by administrative rules.

"
"July 14, 2021, 7:01 a.m. Humanist 35.138","403 Forbidden
Request forbidden by administrative rules.

"
"July 14, 2021, 7:11 a.m. Humanist 35.139","403 Forbidden
Request forbidden by administrative rules.

"
"July 15, 2021, 10 a.m. Humanist 35.140","403 Forbidden
Request forbidden by administrative rules.

"
"July 15, 2021, 10:05 a.m. Humanist 35.141","403 Forbidden
Request forbidden by administrative rules.

"
"July 15, 2021, 10:31 a.m. Humanist 35.142","403 Forbidden
Request forbidden by administrative rules.

"
"July 16, 2021, 7:52 a.m. Humanist 35.143","403 Forbidden
Request forbidden by administrative rules.

"
"July 16, 2021, 7:54 a.m. Humanist 35.144","403 Forbidden
Request forbidden by administrative rules.

"
"July 16, 2021, 7:56 a.m. Humanist 35.145","403 Forbidden
Request forbidden by administrative rules.

"
"July 17, 2021, 6:36 a.m. Humanist 35.146","403 Forbidden
Request forbidden by administrative rules.

"
"July 17, 2021, 6:41 a.m. Humanist 35.147","403 Forbidden
Request forbidden by administrative rules.

"
"July 18, 2021, 8:10 a.m. Humanist 35.148","403 Forbidden
Request forbidden by administrative rules.

"
"July 19, 2021, 7:13 a.m. Humanist 35.149","403 Forbidden
Request forbidden by administrative rules.

"
"July 20, 2021, 7:52 a.m. Humanist 35.150","403 Forbidden
Request forbidden by administrative rules.

"
"July 20, 2021, 7:53 a.m. Humanist 35.151","403 Forbidden
Request forbidden by administrative rules.

"
"July 21, 2021, 6:24 a.m. Humanist 35.152","403 Forbidden
Request forbidden by administrative rules.

"
"July 21, 2021, 6:25 a.m. Humanist 35.153","403 Forbidden
Request forbidden by administrative rules.

"
"July 22, 2021, 6:56 a.m. Humanist 35.154","403 Forbidden
Request forbidden by administrative rules.

"
"July 22, 2021, 6:57 a.m. Humanist 35.155","403 Forbidden
Request forbidden by administrative rules.

"
"July 22, 2021, 6:58 a.m. Humanist 35.156","403 Forbidden
Request forbidden by administrative rules.

"
"July 23, 2021, 5:56 a.m. Humanist 35.157","403 Forbidden
Request forbidden by administrative rules.

"
"July 23, 2021, 5:57 a.m. Humanist 35.158","403 Forbidden
Request forbidden by administrative rules.

"
"July 23, 2021, 6 a.m. Humanist 35.159","403 Forbidden
Request forbidden by administrative rules.

"
"July 23, 2021, 6:03 a.m. Humanist 35.160","403 Forbidden
Request forbidden by administrative rules.

"
"July 24, 2021, 8:07 a.m. Humanist 35.161","403 Forbidden
Request forbidden by administrative rules.

"
"July 25, 2021, 6:57 a.m. Humanist 35.162","403 Forbidden
Request forbidden by administrative rules.

"
"July 28, 2021, 6:59 a.m. Humanist 35.163","403 Forbidden
Request forbidden by administrative rules.

"
"July 28, 2021, 7:01 a.m. Humanist 35.164","403 Forbidden
Request forbidden by administrative rules.

"
"July 29, 2021, 8:21 a.m. Humanist 35.165","403 Forbidden
Request forbidden by administrative rules.

"
"July 29, 2021, 8:23 a.m. Humanist 35.166","403 Forbidden
Request forbidden by administrative rules.

"
"July 29, 2021, 8:27 a.m. Humanist 35.167","403 Forbidden
Request forbidden by administrative rules.

"
"July 30, 2021, 7:03 a.m. Humanist 35.168","403 Forbidden
Request forbidden by administrative rules.

"
"July 30, 2021, 7:05 a.m. Humanist 35.169","403 Forbidden
Request forbidden by administrative rules.

"
"July 31, 2021, 7:30 a.m. Humanist 35.170","403 Forbidden
Request forbidden by administrative rules.

"
"Aug. 4, 2021, 11:52 a.m. Humanist 35.171","403 Forbidden
Request forbidden by administrative rules.

"
"Aug. 4, 2021, 12:02 p.m. Humanist 35.172","403 Forbidden
Request forbidden by administrative rules.

"
"Aug. 5, 2021, 4:01 p.m. Humanist 35.173","403 Forbidden
Request forbidden by administrative rules.

"
"Aug. 6, 2021, 6:40 a.m. Humanist 35.174","403 Forbidden
Request forbidden by administrative rules.

"
"Aug. 8, 2021, 7:17 a.m. Humanist 35.175","403 Forbidden
Request forbidden by administrative rules.

"
"Aug. 8, 2021, 7:49 a.m. Humanist 35.176","403 Forbidden
Request forbidden by administrative rules.

"
"Aug. 8, 2021, 7:51 a.m. Humanist 35.177","403 Forbidden
Request forbidden by administrative rules.

"
"Aug. 10, 2021, 7:05 a.m. Humanist 35.178","403 Forbidden
Request forbidden by administrative rules.

"
"Aug. 10, 2021, 7:09 a.m. Humanist 35.179","403 Forbidden
Request forbidden by administrative rules.

"
"Aug. 10, 2021, 7:37 a.m. Humanist 35.180","403 Forbidden
Request forbidden by administrative rules.

"
"Aug. 11, 2021, 7:10 a.m. Humanist 35.181","403 Forbidden
Request forbidden by administrative rules.

"
"Aug. 11, 2021, 7:12 a.m. Humanist 35.182","403 Forbidden
Request forbidden by administrative rules.

"
"Aug. 11, 2021, 7:16 a.m. Humanist 35.183","403 Forbidden
Request forbidden by administrative rules.

"
"Aug. 12, 2021, 6:53 a.m. Humanist 35.184","403 Forbidden
Request forbidden by administrative rules.

"
"Aug. 12, 2021, 6:55 a.m. Humanist 35.185","403 Forbidden
Request forbidden by administrative rules.

"
"Aug. 13, 2021, 6:29 a.m. Humanist 35.186","403 Forbidden
Request forbidden by administrative rules.

"
"Aug. 13, 2021, 6:58 a.m. Humanist 35.187","403 Forbidden
Request forbidden by administrative rules.

"
"Aug. 14, 2021, 7 a.m. Humanist 35.188","403 Forbidden
Request forbidden by administrative rules.

"
"Aug. 17, 2021, 7:35 a.m. Humanist 35.189","403 Forbidden
Request forbidden by administrative rules.

"
"Aug. 17, 2021, 7:36 a.m. Humanist 35.190","403 Forbidden
Request forbidden by administrative rules.

"
"Aug. 18, 2021, 6:57 a.m. Humanist 35.191","403 Forbidden
Request forbidden by administrative rules.

"
"Aug. 18, 2021, 6:59 a.m. Humanist 35.192","403 Forbidden
Request forbidden by administrative rules.

"
"Aug. 18, 2021, 7:01 a.m. Humanist 35.193","403 Forbidden
Request forbidden by administrative rules.

"
"Aug. 19, 2021, 6:29 a.m. Humanist 35.194","403 Forbidden
Request forbidden by administrative rules.

"
"Aug. 20, 2021, 8 a.m. Humanist 35.195","403 Forbidden
Request forbidden by administrative rules.

"
"Aug. 21, 2021, 8:14 a.m. Humanist 35.196","403 Forbidden
Request forbidden by administrative rules.

"
"Aug. 21, 2021, 8:16 a.m. Humanist 35.197","403 Forbidden
Request forbidden by administrative rules.

"
"Aug. 22, 2021, 7:06 a.m. Humanist 35.198","403 Forbidden
Request forbidden by administrative rules.

"
"Aug. 22, 2021, 7:08 a.m. Humanist 35.199","403 Forbidden
Request forbidden by administrative rules.

"
"Aug. 24, 2021, 6:25 a.m. Humanist 35.200","403 Forbidden
Request forbidden by administrative rules.

"
"Aug. 25, 2021, 7:23 a.m. Humanist 35.201","403 Forbidden
Request forbidden by administrative rules.

"
